method,n,seg_failures,mean_lung_frac,cos_sim_vs_whole,auroc,tb_cov,singleton
whole_image,1000,39,0.5535,1.0,0.897,0.9043,0.862
lung_only,1000,39,0.5535,0.4763000011444092,0.8733,0.8936,0.762
mediastinal_only,1000,39,0.5535,0.33239999413490295,0.7101,0.4149,0.558
