orig_set,count,mean
"{0, 1}",54,0.9222222222222222
{0},115,0.9704347826086956
{1},31,0.9774193548387097
