seed,auroc,tb_cov,singleton
42,0.9155390310576212,0.9409660107334525,0.8530612244897959
123,0.9205487152367219,0.8998211091234347,0.6955782312925171
456,0.9172499419218212,0.8872987477638641,0.704421768707483
789,0.9098599769569994,0.8801431127012522,0.6846938775510204
1024,0.9205887227810018,0.8962432915921288,0.705952380952381
