{
  "alpha": 0.1,
  "thresholds": {
    "0": 0.023890982940176546,
    "1": 0.9678030303030303
  }
}